{
    "timestamp": "2025-05-09 19:32:19",
    "metrics": {
        "category": {
            "accuracy": 0.3333333333333333,
            "f1_weighted": 0.16666666666666666,
            "cv_mean": 0.3333333333333333,
            "cv_std": 0.0
        },
        "tags": {
            "accuracy": 0.0,
            "f1_weighted": 0.42857142857142855,
            "cv_mean": 0.0,
            "cv_std": 0.0
        },
        "duration": {
            "accuracy": 0.0,
            "f1_weighted": 0.0,
            "cv_mean": 0.0,
            "cv_std": 0.0
        }
    }
}